category,name,description,base_price,image_filename,modifiers
The Mob,Alfie,"Chicken Cutlet, Garlic Parmesan Sauce, Bacon, Parmesan, Mozzarella, Garlic Butter Focaccia - Al'S Chicken Alfredo Sandwich",20,,
The Mob,Barry Goldstein,Greek Quesadillas With Gyro Meat,19.2,barryg.jpg,"[{""name"":""Options"",""is_required"":false,""min_selections"":0,""max_selections"":7,""options"":[{""name"":""No Sauce"",""price_adjustment"":0},{""name"":""No Gyro"",""price_adjustment"":0},{""name"":""No Tomato"",""price_adjustment"":0},{""name"":""No Red Onion"",""price_adjustment"":0},{""name"":""Extra Cheese"",""price_adjustment"":3.00},{""name"":""Add Bacon"",""price_adjustment"":3.00},{""name"":""Extra Gyro"",""price_adjustment"":4.00}]}]"
The Mob,Big Al,Classic Meatball Sub,21.6,bigal.jpg,"[{""name"":""Options"",""is_required"":false,""min_selections"":0,""max_selections"":7,""options"":[{""name"":""No Pistachio Pesto"",""price_adjustment"":0},{""name"":""No Parm"",""price_adjustment"":0},{""name"":""Extra Cheese"",""price_adjustment"":3.00},{""name"":""Extra Meatball"",""price_adjustment"":4.00},{""name"":""Add Bacon"",""price_adjustment"":3.00},{""name"":""Spicy"",""price_adjustment"":0},{""name"":""Add Hot Peppers"",""price_adjustment"":2.00}]}]"
The Mob,Castro,A Classic Cubano Sandwich,21.6,castro.jpg,"[{""name"":""Options"",""is_required"":false,""min_selections"":0,""max_selections"":9,""options"":[{""name"":""No Pickles"",""price_adjustment"":0},{""name"":""Extra Pulled Pork"",""price_adjustment"":5.00},{""name"":""No Garlic Aioli"",""price_adjustment"":0},{""name"":""Extra Garlic Aioli"",""price_adjustment"":1.00},{""name"":""Add Pickles"",""price_adjustment"":1.00},{""name"":""Extra Ham"",""price_adjustment"":4.00},{""name"":""No Mustard"",""price_adjustment"":0},{""name"":""Extra Mustard"",""price_adjustment"":1.00},{""name"":""Extra Cheese"",""price_adjustment"":3.00}]}]"
The Mob,Cousin Nicky,,21.6,cousinnicky.jpg,"[{""name"":""Options"",""is_required"":false,""min_selections"":0,""max_selections"":10,""options"":[{""name"":""No Sauteed Peppers"",""price_adjustment"":0},{""name"":""No Onion"",""price_adjustment"":0},{""name"":""No Mushroom"",""price_adjustment"":0},{""name"":""No Parm"",""price_adjustment"":0},{""name"":""Add Banana Peppers"",""price_adjustment"":3.00},{""name"":""Add Hot Sauce"",""price_adjustment"":2.00},{""name"":""Extra Veal"",""price_adjustment"":7.00},{""name"":""Extra Cheese"",""price_adjustment"":3.00},{""name"":""Add Bacon"",""price_adjustment"":3.00},{""name"":""Spicy"",""price_adjustment"":0}]}]"
The Mob,Diamond Jims,"Sliced Rib Eye Topped With Cheese, Sauteed Mushroom, Sauteed Peppers And Horseradish Aioli",21.6,diamondjims.jpg,"[{""name"":""Options"",""is_required"":false,""min_selections"":0,""max_selections"":8,""options"":[{""name"":""No Onion"",""price_adjustment"":0},{""name"":""Extra Onion"",""price_adjustment"":2.00},{""name"":""Add Cheddar Cheese"",""price_adjustment"":3.00},{""name"":""Extra Beef"",""price_adjustment"":6.00},{""name"":""Add Bacon"",""price_adjustment"":3.00},{""name"":""No Peppers"",""price_adjustment"":0},{""name"":""No Mushrooms"",""price_adjustment"":0},{""name"":""No Aioli"",""price_adjustment"":0}]}]"
The Mob,Fat Tony,Classic Chicken Parm Sandy,19.2,fattony.jpg,"[{""name"":""Options"",""is_required"":false,""min_selections"":0,""max_selections"":10,""options"":[{""name"":""No Pesto"",""price_adjustment"":0},{""name"":""No Mozzarella"",""price_adjustment"":0},{""name"":""Extra Cheese"",""price_adjustment"":3.00},{""name"":""Add Bacon"",""price_adjustment"":3.00},{""name"":""Add Balsamic Glaze"",""price_adjustment"":2.00},{""name"":""Add Basil"",""price_adjustment"":2.00},{""name"":""Sub Chicken Parm"",""price_adjustment"":0},{""name"":""Spicy"",""price_adjustment"":0},{""name"":""No Basil"",""price_adjustment"":0},{""name"":""No Balsamic Glaze"",""price_adjustment"":0}]}]"
The Mob,Hi Bubba,"Choice Of Grilled Chicken Or Smoke Ham, Bacon, Red Onion, Tomato, Spicy Honey Mustard, Cheese, Arugula",19.2,hibubba.jpg,"[{""name"":""Options"",""is_required"":false,""min_selections"":0,""max_selections"":9,""options"":[{""name"":""No Red Onion"",""price_adjustment"":0},{""name"":""No Romaine"",""price_adjustment"":0},{""name"":""No Tomato"",""price_adjustment"":0},{""name"":""Extra Cheese"",""price_adjustment"":3.00},{""name"":""Add Bacon"",""price_adjustment"":3.00},{""name"":""Ham"",""price_adjustment"":0},{""name"":""Grilled Chicken"",""price_adjustment"":0},{""name"":""No Arugula"",""price_adjustment"":0},{""name"":""Spicy"",""price_adjustment"":0}]}]"
The Mob,Jimmy the Greek,"Grilled Chicken, Bacon, Tomato, Shredded Lettuce, Shredded Cheddar And Topped With Ranch. Stuffed In A Warm Pita",20,,"[{""name"":""Options"",""is_required"":false,""min_selections"":0,""max_selections"":11,""options"":[{""name"":""No Tomato"",""price_adjustment"":0},{""name"":""Extra Tomato"",""price_adjustment"":1.00},{""name"":""Sub For Provolone"",""price_adjustment"":2.00},{""name"":""Add Extra Cheddar"",""price_adjustment"":3.00},{""name"":""Extra Grilled Chicken"",""price_adjustment"":6.00},{""name"":""Sub Cheddar for Mozarella"",""price_adjustment"":0},{""name"":""Extra Ranch"",""price_adjustment"":1.00},{""name"":""Extra Bacon"",""price_adjustment"":2.00},{""name"":""No Bacon"",""price_adjustment"":0},{""name"":""Sub for Halal Beef Bacon"",""price_adjustment"":2.50},{""name"":""No Cheese"",""price_adjustment"":0}]}]"
The Mob,Julius Caesar,"Chicken Cutlet, Caesar Salad, Bacon, Parmesan On A Toasted Focaccia",20.4,julius.jpg,"[{""name"":""Options"",""is_required"":false,""min_selections"":0,""max_selections"":7,""options"":[{""name"":""No Bacon"",""price_adjustment"":0},{""name"":""No Parm"",""price_adjustment"":0},{""name"":""Extra Cheese"",""price_adjustment"":3.00},{""name"":""Add Bacon"",""price_adjustment"":3.00},{""name"":""Extra Parm"",""price_adjustment"":3.00},{""name"":""Sub Grilled Chicken"",""price_adjustment"":0},{""name"":""Spicy"",""price_adjustment"":0}]}]"
The Mob,La Madrina,"Thinly Sliced Pepper, Cucumber, Tomato, Kalamata Olive, Red Onion, Parmesan, Oregano, Mozzarella, Shredded Iceberg",19,lamadrina.jpg,"[{""name"":""Options"",""is_required"":false,""min_selections"":0,""max_selections"":14,""options"":[{""name"":""No Olive"",""price_adjustment"":0},{""name"":""No Tomato"",""price_adjustment"":0},{""name"":""Extra Cheese"",""price_adjustment"":3.60},{""name"":""No Cheese"",""price_adjustment"":0},{""name"":""No Onion"",""price_adjustment"":0},{""name"":""Extra Onion"",""price_adjustment"":2.00},{""name"":""Extra Iceberg"",""price_adjustment"":1.00},{""name"":""Sub For Provolone"",""price_adjustment"":2.00},{""name"":""Extra Olive"",""price_adjustment"":0},{""name"":""Make It With Mayo And Sub Sauce"",""price_adjustment"":0},{""name"":""Add Grilled Chicken"",""price_adjustment"":6.00},{""name"":""Add Crispy Chicken"",""price_adjustment"":6.00},{""name"":""Extra Marinara Sauce On Side"",""price_adjustment"":3.00},{""name"":""Sub Sauce For Mustard"",""price_adjustment"":0}]}]"
The Mob,Little John,Rib Eye / Sauteed Mushroom / Swiss Cheese / Brie Cheese / Horseradish Aioli / Dusted Onion / Garlic Butter Focaccia,22.8,littlejohn.jpg,"[{""name"":""Options"",""is_required"":false,""min_selections"":0,""max_selections"":6,""options"":[{""name"":""Extra Provolone"",""price_adjustment"":2.00},{""name"":""No Provolone"",""price_adjustment"":0},{""name"":""No Honey"",""price_adjustment"":0},{""name"":""No Spicy Marinara"",""price_adjustment"":0},{""name"":""No Whipped Ricotta"",""price_adjustment"":0},{""name"":""No Pistachio Spread"",""price_adjustment"":0}]}]"
The Mob,Lucky Looch,Chicken Cutlet / Spicy Marinara / Provolone / Arugula / Honey / Whipped Ricotta / Pistashio Spread,20.4,luckylooch.jpg,"[{""name"":""Options"",""is_required"":false,""min_selections"":0,""max_selections"":6,""options"":[{""name"":""Extra Provolone"",""price_adjustment"":2.00},{""name"":""No Provolone"",""price_adjustment"":0},{""name"":""No Honey"",""price_adjustment"":0},{""name"":""No Spicy Marinara"",""price_adjustment"":0},{""name"":""No Whipped Ricotta"",""price_adjustment"":0},{""name"":""No Pistachio Spread"",""price_adjustment"":0}]}]"
The Mob,My Cousin Vinny,Chicken Cutlet / Roasted Jalapeno Cream Cheese / Cheese Sauce,19.2,mycousinvinny.jpg,"[{""name"":""Options"",""is_required"":false,""min_selections"":0,""max_selections"":2,""options"":[{""name"":""Extra Cheese"",""price_adjustment"":2.00},{""name"":""No Cheese Sauce"",""price_adjustment"":0}]}]"
The Mob,NONOS with Chicken,"Burnt Lemon Chicken, Tzatziki, Tomato, Red Onion, Cucumber, Feta, Fries",19.2,nonoschicken.jpg,"[{""name"":""Options"",""is_required"":false,""min_selections"":0,""max_selections"":11,""options"":[{""name"":""No Feta"",""price_adjustment"":0},{""name"":""No Cucumber"",""price_adjustment"":0},{""name"":""No Red Onion"",""price_adjustment"":0},{""name"":""No Tomato"",""price_adjustment"":0},{""name"":""No Burnt Lemon"",""price_adjustment"":0},{""name"":""No Fries"",""price_adjustment"":0},{""name"":""No Tzatziki"",""price_adjustment"":0},{""name"":""Extra Tzatziki"",""price_adjustment"":2.00},{""name"":""Extra Feta"",""price_adjustment"":2.00},{""name"":""Extra Fries"",""price_adjustment"":2.00},{""name"":""Add Bacon"",""price_adjustment"":3.00}]}]"
The Mob,NONOS with Gyro,"Gyro, Tzatziki, Tomato, Red Onion, Cucumber, Feta, Fries",19.2,nonosgyro.jpg,"[{""name"":""Options"",""is_required"":false,""min_selections"":0,""max_selections"":12,""options"":[{""name"":""No Feta"",""price_adjustment"":0},{""name"":""No Cucumber"",""price_adjustment"":0},{""name"":""No Red Onion"",""price_adjustment"":0},{""name"":""No Tomato"",""price_adjustment"":0},{""name"":""No Burnt Lemon"",""price_adjustment"":0},{""name"":""No Fries"",""price_adjustment"":0},{""name"":""No Tzatziki"",""price_adjustment"":0},{""name"":""Extra Tzatziki"",""price_adjustment"":2.00},{""name"":""Extra Feta"",""price_adjustment"":2.00},{""name"":""Extra Fries"",""price_adjustment"":2.00},{""name"":""Add Gyro"",""price_adjustment"":4.00},{""name"":""Add Bacon"",""price_adjustment"":3.00}]}]"
The Mob,Patty Two Times,"Grilled Chicken, Bacon Onion Jam, Green Apple, Brie, Cranberry Aioli, Arugula, Focaccia",19.2,patty2.jpg,"[{""name"": ""Options"", ""is_required"": false, ""min_selections"": 0, ""max_selections"": 11, ""options"": [{""name"": ""No Cranberry Aioli"", ""price_adjustment"": 0}, {""name"": ""No Brie"", ""price_adjustment"": 0}, {""name"": ""No Arugula"", ""price_adjustment"": 0}, {""name"": ""No Tomato"", ""price_adjustment"": 0}, {""name"": ""No Bacon"", ""price_adjustment"": 0}, {""name"": ""No Bacon Jam"", ""price_adjustment"": 0}, {""name"": ""No Green Apple"", ""price_adjustment"": 0}, {""name"": ""Extra Brie"", ""price_adjustment"": 3.0}, {""name"": ""Add Bacon"", ""price_adjustment"": 3.0}, {""name"": ""Add Chicken"", ""price_adjustment"": 5.0}, {""name"": ""Sub For Halal Beef Bacon"", ""price_adjustment"": 2.5}]}]"
The Mob,Soprano,"Cured Pepperoni, Smoked Ham, Mozzarella, Parm, Focaccia",18,soprano.jpg,"[{""name"": ""Options"", ""is_required"": false, ""min_selections"": 0, ""max_selections"": 5, ""options"": [{""name"": ""No Cheese"", ""price_adjustment"": 0}, {""name"": ""Extra Cheese"", ""price_adjustment"": 3.0}, {""name"": ""Extra Ham"", ""price_adjustment"": 4.0}, {""name"": ""No Pepperoni"", ""price_adjustment"": 0}, {""name"": ""Extra Pepperoni"", ""price_adjustment"": 3.0}]}]"
The Mob,Spicy Spyro,"Grilled Chicken, Pistachio Pesto, Roasted Garlic Aioli, Balsamic Glaze, Hot Sauce, Goat Cheese, Bacon, Arugula, Roasted Peppers",19.2,spicyspyro.jpg,"[{""name"": ""Options"", ""is_required"": false, ""min_selections"": 0, ""max_selections"": 12, ""options"": [{""name"": ""No Ricotta"", ""price_adjustment"": 0}, {""name"": ""No Arugula"", ""price_adjustment"": 0}, {""name"": ""No Roasted Red Pepper"", ""price_adjustment"": 0}, {""name"": ""No Cheese"", ""price_adjustment"": 0}, {""name"": ""No Roasted Garlic Aioli"", ""price_adjustment"": 0}, {""name"": ""No Bacon"", ""price_adjustment"": 0}, {""name"": ""No Onion"", ""price_adjustment"": 0}, {""name"": ""Extra Cheese"", ""price_adjustment"": 3.0}, {""name"": ""Add Bacon"", ""price_adjustment"": 3.0}, {""name"": ""Sub Cutlet"", ""price_adjustment"": 0}, {""name"": ""No Hot Sauce"", ""price_adjustment"": 0}, {""name"": ""Sub For Halal Beef Bacon"", ""price_adjustment"": 2.5}]}]"
The Mob,The Accountant,"Toasted Focaccia, Layers Of Corned Beef, Swiss Cheese, Russian Dressing And Sauerkraut",19.2,theaccountant.jpg,"[{""name"": ""Options"", ""is_required"": false, ""min_selections"": 0, ""max_selections"": 5, ""options"": [{""name"": ""Extra Swiss Cheese"", ""price_adjustment"": 3.0}, {""name"": ""No Swiss Cheese"", ""price_adjustment"": 0}, {""name"": ""Extra Corned Beef"", ""price_adjustment"": 5.0}, {""name"": ""Extra Russian Dressing"", ""price_adjustment"": 1.0}, {""name"": ""No Russian Dressing"", ""price_adjustment"": 0}]}]"
The Mob,The Balboa,Classic Philly Cheesesteak,21.6,balboa.jpg,"[{""name"": ""Options"", ""is_required"": false, ""min_selections"": 0, ""max_selections"": 9, ""options"": [{""name"": ""No Onion"", ""price_adjustment"": 0}, {""name"": ""No Cheese"", ""price_adjustment"": 0}, {""name"": ""Extra Cheese"", ""price_adjustment"": 3.0}, {""name"": ""Extra Rib Eye"", ""price_adjustment"": 9.0}, {""name"": ""Cheese Sauce"", ""price_adjustment"": 0}, {""name"": ""Add Bacon"", ""price_adjustment"": 3.0}, {""name"": ""Spicy"", ""price_adjustment"": 0}, {""name"": ""Sub Cheese Sauce For Mozzarella"", ""price_adjustment"": 0}, {""name"": ""Sub For Provolone Cheese"", ""price_adjustment"": 3.0}]}]"
The Mob,The Bambino,"Spicy Feta Spread, Burnt Lemon Grilled Chicken, Tomato, Bacon, Pistachio Pesto, Roasted Garlic Aioli, Goat Cheese",20.4,bambino.jpg,
The Mob,The Barber,"Pistachio Spread, Layers Of Mortadella, Provolone, Crushed Pistachio, Balsamic Glaze, Honey, Pistachio Pesto, Arugula, Served On Focaccia",20.4,barber.jpg,"[{""name"": ""Options"", ""is_required"": false, ""min_selections"": 0, ""max_selections"": 7, ""options"": [{""name"": ""No Cheese"", ""price_adjustment"": 0}, {""name"": ""No Pistachio Spread"", ""price_adjustment"": 0}, {""name"": ""No Arugula"", ""price_adjustment"": 0}, {""name"": ""No Honey"", ""price_adjustment"": 0}, {""name"": ""Extra Provolone"", ""price_adjustment"": 2.0}, {""name"": ""Extra Mortadella"", ""price_adjustment"": 4.0}, {""name"": ""Make It Spicy"", ""price_adjustment"": 0}]}]"
The Mob,The Bear,Layers Of Rib And Cheddar With Horseradish And Horseradish Aioli Served With Gravy To Dunk In,22.8,bear.jpg,
The Mob,The Butcher,"Chicken Cutlet, Pistachio Pesto, Fried Mortadella, Roasted Peppers, Balsamic Glaze, Provolone, Hot Honey, Served On Focaccia",20.4,butcher.jpg,"[{""name"": ""Options"", ""is_required"": false, ""min_selections"": 0, ""max_selections"": 5, ""options"": [{""name"": ""Extra Provolone"", ""price_adjustment"": 2.0}, {""name"": ""Extra Mortadella"", ""price_adjustment"": 4.0}, {""name"": ""No Cheese"", ""price_adjustment"": 0}, {""name"": ""No Pesto"", ""price_adjustment"": 0}, {""name"": ""No Roasted Peppers"", ""price_adjustment"": 0}]}]"
The Mob,The Capone,In House Pulled Pork / Smokey Bbq / Roasted Garlic Aioli / Dusted Onion / Horseradish Aioli / Garlic Butter Focaccia,20.4,capone.jpg,
The Mob,The Chooch,"Tomato, Red Onion, Smoked Ham, Cucumber, Panino Sauce, Mayo, Cheese, Shredded Iceberg Lettuce",19.2,chooch.jpg,"[{""name"": ""Options"", ""is_required"": false, ""min_selections"": 0, ""max_selections"": 10, ""options"": [{""name"": ""No Cucumber"", ""price_adjustment"": 0}, {""name"": ""No Tomato"", ""price_adjustment"": 0}, {""name"": ""No Red Onion"", ""price_adjustment"": 0}, {""name"": ""No Paninos Sauce"", ""price_adjustment"": 0}, {""name"": ""No Seasoning"", ""price_adjustment"": 0}, {""name"": ""No Cheese"", ""price_adjustment"": 0}, {""name"": ""Extra Cheese"", ""price_adjustment"": 3.0}, {""name"": ""Add Bacon"", ""price_adjustment"": 3.0}, {""name"": ""Add Pickle"", ""price_adjustment"": 1.0}, {""name"": ""Make It Spicy"", ""price_adjustment"": 0}]}]"
The Mob,The CLEMENZA,"Brie Cheese, Goat Cheese, Swiss, Cheddar, Fried Onion, Balsamic Glaze, Served With Marinara",19.2,clemenza.jpg,"[{""name"": ""Options"", ""is_required"": false, ""min_selections"": 0, ""max_selections"": 12, ""options"": [{""name"": ""No Goat Cheese"", ""price_adjustment"": 0}, {""name"": ""No Cheddar"", ""price_adjustment"": 0}, {""name"": ""No Brie"", ""price_adjustment"": 0}, {""name"": ""No Caramelized Onion"", ""price_adjustment"": 0}, {""name"": ""No Balsamic Reduction"", ""price_adjustment"": 0}, {""name"": ""No Marinara"", ""price_adjustment"": 0}, {""name"": ""Extra Marinara"", ""price_adjustment"": 2.0}, {""name"": ""Extra Goat Cheese"", ""price_adjustment"": 2.0}, {""name"": ""Extra Cheddar"", ""price_adjustment"": 2.0}, {""name"": ""Extra Brie"", ""price_adjustment"": 2.0}, {""name"": ""Add Chicken"", ""price_adjustment"": 5.0}, {""name"": ""Add Bacon"", ""price_adjustment"": 3.0}]}]"
The Mob,The Made Man,"Meatballs, Smoked Ham, Pepperoni, Mozzarella, White Onion, Pizza Sauce, And Served With Marinara On The Side",20,mademan.jpg,"[{""name"": ""Options"", ""is_required"": false, ""min_selections"": 0, ""max_selections"": 11, ""options"": [{""name"": ""No Onion"", ""price_adjustment"": 0}, {""name"": ""No Cheese"", ""price_adjustment"": 0}, {""name"": ""No Marinara"", ""price_adjustment"": 0}, {""name"": ""Extra Side Of Marinara"", ""price_adjustment"": 3.0}, {""name"": ""Extra Mozzarella"", ""price_adjustment"": 3.0}, {""name"": ""Sub For Provolone Cheese"", ""price_adjustment"": 3.0}, {""name"": ""Extra Meatball"", ""price_adjustment"": 4.0}, {""name"": ""No Meatball"", ""price_adjustment"": 0}, {""name"": ""Extra Pepperoni"", ""price_adjustment"": 3.0}, {""name"": ""Extra Ham"", ""price_adjustment"": 4.0}, {""name"": ""No Ham"", ""price_adjustment"": 0}]}]"
The Mob,The Napolean,"Smoked Ham, Chicken Cutled, Roasted Garlic Sauce, Cheese (A Cordon Bleu In-Between Focaccia)",19.2,napolean.jpg,"[{""name"": ""Options"", ""is_required"": false, ""min_selections"": 0, ""max_selections"": 6, ""options"": [{""name"": ""No Ham"", ""price_adjustment"": 0}, {""name"": ""No Cheese"", ""price_adjustment"": 0}, {""name"": ""No Sauce"", ""price_adjustment"": 0}, {""name"": ""Extra Cheese"", ""price_adjustment"": 3.0}, {""name"": ""Add Bacon"", ""price_adjustment"": 3.0}, {""name"": ""Make It Spicy"", ""price_adjustment"": 0}]}]"
The Mob,The Paisano,"Grilled Chicken, Pepperoni, Provolone, Marinara, Parmesan. Served On A Toasted Hoagie",20,paisano.jpg,"[{""name"": ""Options"", ""is_required"": false, ""min_selections"": 0, ""max_selections"": 10, ""options"": [{""name"": ""Extra Grilled Chicken"", ""price_adjustment"": 6.0}, {""name"": ""Sub Crispy Chicken"", ""price_adjustment"": 0}, {""name"": ""Extra Pepperoni"", ""price_adjustment"": 3.0}, {""name"": ""Extra Provolone"", ""price_adjustment"": 2.0}, {""name"": ""No Provolone"", ""price_adjustment"": 0}, {""name"": ""No Cheese"", ""price_adjustment"": 0}, {""name"": ""No Parmesan"", ""price_adjustment"": 0}, {""name"": ""Extra Parmesan"", ""price_adjustment"": 3.0}, {""name"": ""Side Hot Sauce"", ""price_adjustment"": 2.4}, {""name"": ""Extra Side Of Marinara"", ""price_adjustment"": 3.0}]}]"
The Mob,The Rothstein,Layers Of Corned Beef / Mustard / Toasted Focaccia,20.4,rothstein.jpg,
The Mob,VIRGIN MARY,"Vegetarian: Fried Zucchini, Caramelized Peppers And Onions, Goat Cheese, Arugula, Balsamic Glaze, Pistachio Pesto, Baba Ganoush, Lemon Whipped Ricotta",16.8,virginmary.jpg,
Al's Wraps,Beethoven Wrap,"Buffalo Crispy Chicken, Tomato, Bacon, Shaved Cheddar, Iceberg Lettuce, Ranch, Hot Sauce",20.4,beethoven.jpg,
Al's Wraps,The Blanco Wrap,Classic Chicken Caesar Wrap,19.2,blanco.jpg,
Al's Wraps,Uncle Sal Wrap,"Grilled Chicken, Pistachio Pesto, Balsamic Glaze, Goat Cheese, Arugula, Bacon, Roasted Peppers And Spicy Spread",20.4,unclesal.jpg,
Sides,Al's Tiramisu,Authentic Tiramisu,10,tiramisu.jpg,
Sides,Al's Toasted Coconut Cheesecake,Toasted Coconut Cheesecake,10,,
Sides,Caesar Salad,Classic Caesar Salad With Loads Of Parmesan Reggiano And Bacon,17.2,caesarsalad.jpg,
Sides,Fries,French Fries,7.2,fries.jpg,
Sides,Fries N Gravy,French Fries And Gravy,11,,
Sides,Greek Fries,"Tomato, Onion, Cucumber, Tzatziki, Burnt Lemon, Feta, Oregano",17,greekfries.jpg,"[{""name"":""Toppings"",""is_required"":false,""min_selections"":0,""max_selections"":11,""options"":[{""name"":""No Tomato"",""price_adjustment"":0},{""name"":""No Onion"",""price_adjustment"":0},{""name"":""No Cucumber"",""price_adjustment"":0},{""name"":""No Tzatziki"",""price_adjustment"":0},{""name"":""No Feta"",""price_adjustment"":0},{""name"":""No Burnt Lemon"",""price_adjustment"":0},{""name"":""Extra Feta"",""price_adjustment"":3.0},{""name"":""Extra Tzatziki"",""price_adjustment"":2.0},{""name"":""Add Grilled Chicken"",""price_adjustment"":6.0},{""name"":""Add Crispy Chicken"",""price_adjustment"":6.0},{""name"":""Add Gyro Meat"",""price_adjustment"":6.0}]}]"
Sides,Greek Salad,Classic Greek Salad,16,greeksalad.jpg,
Sides,Philly Fries,"Rib Eye Steak, Cheese Sauce Or Provolone, Sauteed Onion",17.8,phillyfries.jpg,"[{""name"":""Toppings"",""is_required"":false,""min_selections"":0,""max_selections"":4,""options"":[{""name"":""Add Grilled Chicken"",""price_adjustment"":6.0},{""name"":""Cheese Sauce"",""price_adjustment"":0},{""name"":""No Sauteed Onion"",""price_adjustment"":0},{""name"":""Extra Cheese"",""price_adjustment"":3.0}]}]"
Sides,Pulled Pork Fries,"Pulled Pork, Crispy Onion, Horseradish Aioli, Bbq Sauce, Cheese Sauce",17.8,ppfriess.jpg,
Combo,Fries & Pop,,7,,"[{""name"":""Drinks"",""is_required"":true,""min_selections"":1,""max_selections"":1,""options"":[{""name"":""Coke"",""price_adjustment"":0},{""name"":""Diet Coke"",""price_adjustment"":0},{""name"":""Coke Zero"",""price_adjustment"":0},{""name"":""Pepsi"",""price_adjustment"":0},{""name"":""Diet Pepsi"",""price_adjustment"":0},{""name"":""Rootbeer"",""price_adjustment"":0},{""name"":""Sprite"",""price_adjustment"":0},{""name"":""Dr Pepper"",""price_adjustment"":0},{""name"":""Gingerale"",""price_adjustment"":0},{""name"":""Iced Tea"",""price_adjustment"":0},{""name"":""Water"",""price_adjustment"":0}]},{""name"":""Make It A Combo"",""is_required"":false,""min_selections"":0,""max_selections"":1,""options"":[{""name"":""Caesar"",""price_adjustment"":0,""is_default"":true}]},{""name"":""Choose Your Fries"",""is_required"":true,""min_selections"":1,""max_selections"":1,""options"":[{""name"":""Fries"",""price_adjustment"":0,""is_default"":true},{""name"":""Philly Fries"",""price_adjustment"":3.0,""modifiers"":[{""name"":""Philly Fries Toppings"",""is_required"":false,""min_selections"":0,""max_selections"":4,""options"":[{""name"":""Add Grilled Chicken"",""price_adjustment"":6.0},{""name"":""Cheese Sauce"",""price_adjustment"":0},{""name"":""No Sauteed Onion"",""price_adjustment"":0},{""name"":""Extra Cheese"",""price_adjustment"":3.0}]}]},{""name"":""Greek Fries"",""price_adjustment"":3.0,""modifiers"":[{""name"":""Greek Fries Toppings"",""is_required"":false,""min_selections"":0,""max_selections"":11,""options"":[{""name"":""No Tomato"",""price_adjustment"":0},{""name"":""No Onion"",""price_adjustment"":0},{""name"":""No Cucumber"",""price_adjustment"":0},{""name"":""No Tzatziki"",""price_adjustment"":0},{""name"":""No Feta"",""price_adjustment"":0},{""name"":""No Burnt Lemon"",""price_adjustment"":0},{""name"":""Extra Feta"",""price_adjustment"":3.0},{""name"":""Extra Tzatziki"",""price_adjustment"":2.0},{""name"":""Add Grilled Chicken"",""price_adjustment"":6.0},{""name"":""Add Crispy Chicken"",""price_adjustment"":6.0},{""name"":""Add Gyro Meat"",""price_adjustment"":6.0}]}]}]}]"
Combo,Special Fries & Pop,,10,,"[{""name"":""Drinks"",""is_required"":true,""min_selections"":1,""max_selections"":1,""options"":[{""name"":""Coke"",""price_adjustment"":0},{""name"":""Diet Coke"",""price_adjustment"":0},{""name"":""Coke Zero"",""price_adjustment"":0},{""name"":""Pepsi"",""price_adjustment"":0},{""name"":""Diet Pepsi"",""price_adjustment"":0},{""name"":""Rootbeer"",""price_adjustment"":0},{""name"":""Sprite"",""price_adjustment"":0},{""name"":""Dr Pepper"",""price_adjustment"":0},{""name"":""Gingerale"",""price_adjustment"":0},{""name"":""Iced Tea"",""price_adjustment"":0},{""name"":""Water"",""price_adjustment"":0}]},{""name"":""Choose Your Fries"",""is_required"":true,""min_selections"":1,""max_selections"":1,""options"":[{""name"":""Greek Fries"",""price_adjustment"":0,""modifiers"":[{""name"":""Greek Fries Toppings"",""is_required"":false,""min_selections"":0,""max_selections"":11,""options"":[{""name"":""No Tomato"",""price_adjustment"":0},{""name"":""No Onion"",""price_adjustment"":0},{""name"":""No Cucumber"",""price_adjustment"":0},{""name"":""No Tzatziki"",""price_adjustment"":0},{""name"":""No Feta"",""price_adjustment"":0},{""name"":""No Burnt Lemon"",""price_adjustment"":0},{""name"":""Extra Feta"",""price_adjustment"":3.0},{""name"":""Extra Tzatziki"",""price_adjustment"":2.0},{""name"":""Add Grilled Chicken"",""price_adjustment"":6.0},{""name"":""Add Crispy Chicken"",""price_adjustment"":6.0},{""name"":""Add Gyro Meat"",""price_adjustment"":6.0}]}]},{""name"":""Philly Fries"",""price_adjustment"":0,""modifiers"":[{""name"":""Philly Fries Toppings"",""is_required"":false,""min_selections"":0,""max_selections"":4,""options"":[{""name"":""Add Grilled Chicken"",""price_adjustment"":6.0},{""name"":""Cheese Sauce"",""price_adjustment"":0},{""name"":""No Sauteed Onion"",""price_adjustment"":0},{""name"":""Extra Cheese"",""price_adjustment"":3.0}]}]}]}]"
Drinks,Water,,2.4,water.jpg,
Drinks,Coke,,2.4,coke.jpg,
Drinks,Diet Coke,,2.4,dietcoke.jpg,
Drinks,Coke Zero,,2.4,cokezero.jpg,
Drinks,Pepsi,,2.4,pepsi.jpg,
Drinks,Diet Pepsi,,2.4,dietpepsi.jpg,
Drinks,Root Beer,,2.4,rootbeer.jpg,
Drinks,Dr Pepper,,2.4,drp.jpg,
Drinks,Sprite,,2.4,sprite.jpg,
Drinks,Gingerale,,2.4,gingerale.jpg,
Drinks,Iced Tea,,2.4,brisk.jpg,
Drinks,Brio,,2.4,brio.jpg,
Extras,Side Paninos Fancy Sauce,,2.4,,
Extras,Side Grilled Chicken,,6,,
Extras,Side Crispy Chicken,,7.2,,
Extras,Extra Cheese,,3.6,,
Extras,Side Hot Sauce,,2.4,,
Extras,Side Garlic Aioli,,2.4,,
Extras,Side Tzatziki,,2.4,,
